city,year,weekofyear,total_cases
sj,2008,18,4
sj,2008,19,4
sj,2008,20,3
sj,2008,21,4
sj,2008,22,5
sj,2008,23,5
sj,2008,24,5
sj,2008,25,5
sj,2008,26,6
sj,2008,27,7
sj,2008,28,8
sj,2008,29,7
sj,2008,30,7
sj,2008,31,9
sj,2008,32,13
sj,2008,33,18
sj,2008,34,30
sj,2008,35,33
sj,2008,36,39
sj,2008,37,58
sj,2008,38,67
sj,2008,39,79
sj,2008,40,52
sj,2008,41,55
sj,2008,42,34
sj,2008,43,35
sj,2008,44,31
sj,2008,45,31
sj,2008,46,29
sj,2008,47,19
sj,2008,48,15
sj,2008,49,15
sj,2008,50,12
sj,2008,51,15
sj,2008,52,15
sj,2009,1,15
sj,2009,2,16
sj,2009,3,18
sj,2009,4,18
sj,2009,5,15
sj,2009,6,13
sj,2009,7,13
sj,2009,8,9
sj,2009,9,9
sj,2009,10,8
sj,2009,11,6
sj,2009,12,6
sj,2009,13,5
sj,2009,14,5
sj,2009,15,4
sj,2009,16,4
sj,2009,17,4
sj,2009,18,4
sj,2009,19,4
sj,2009,20,3
sj,2009,21,3
sj,2009,22,3
sj,2009,23,4
sj,2009,24,5
sj,2009,25,5
sj,2009,26,5
sj,2009,27,5
sj,2009,28,6
sj,2009,29,8
sj,2009,30,10
sj,2009,31,10
sj,2009,32,9
sj,2009,33,16
sj,2009,34,24
sj,2009,35,29
sj,2009,36,37
sj,2009,37,52
sj,2009,38,64
sj,2009,39,76
sj,2009,40,90
sj,2009,41,79
sj,2009,42,73
sj,2009,43,69
sj,2009,44,69
sj,2009,45,64
sj,2009,46,64
sj,2009,47,60
sj,2009,48,65
sj,2009,49,58
sj,2009,50,47
sj,2009,51,36
sj,2009,52,22
sj,2010,53,7
sj,2010,1,8
sj,2010,2,11
sj,2010,3,14
sj,2010,4,13
sj,2010,5,15
sj,2010,6,12
sj,2010,7,12
sj,2010,8,11
sj,2010,9,13
sj,2010,10,14
sj,2010,11,16
sj,2010,12,14
sj,2010,13,14
sj,2010,14,12
sj,2010,15,10
sj,2010,16,11
sj,2010,17,12
sj,2010,18,14
sj,2010,19,16
sj,2010,20,14
sj,2010,21,14
sj,2010,22,16
sj,2010,23,18
sj,2010,24,25
sj,2010,25,39
sj,2010,26,46
sj,2010,27,48
sj,2010,28,57
sj,2010,29,62
sj,2010,30,63
sj,2010,31,60
sj,2010,32,60
sj,2010,33,63
sj,2010,34,62
sj,2010,35,63
sj,2010,36,59
sj,2010,37,61
sj,2010,38,51
sj,2010,39,54
sj,2010,40,48
sj,2010,41,45
sj,2010,42,49
sj,2010,43,40
sj,2010,44,41
sj,2010,45,27
sj,2010,46,25
sj,2010,47,18
sj,2010,48,14
sj,2010,49,8
sj,2010,50,11
sj,2010,51,11
sj,2011,52,12
sj,2011,1,13
sj,2011,2,13
sj,2011,3,12
sj,2011,4,12
sj,2011,5,11
sj,2011,6,10
sj,2011,7,9
sj,2011,8,8
sj,2011,9,8
sj,2011,10,6
sj,2011,11,5
sj,2011,12,4
sj,2011,13,4
sj,2011,14,4
sj,2011,15,5
sj,2011,16,5
sj,2011,17,4
sj,2011,18,5
sj,2011,19,4
sj,2011,20,5
sj,2011,21,5
sj,2011,22,7
sj,2011,23,8
sj,2011,24,11
sj,2011,25,19
sj,2011,26,27
sj,2011,27,28
sj,2011,28,26
sj,2011,29,27
sj,2011,30,28
sj,2011,31,30
sj,2011,32,29
sj,2011,33,34
sj,2011,34,36
sj,2011,35,38
sj,2011,36,43
sj,2011,37,45
sj,2011,38,50
sj,2011,39,40
sj,2011,40,44
sj,2011,41,42
sj,2011,42,38
sj,2011,43,38
sj,2011,44,28
sj,2011,45,23
sj,2011,46,23
sj,2011,47,22
sj,2011,48,22
sj,2011,49,22
sj,2011,50,19
sj,2011,51,19
sj,2012,52,16
sj,2012,1,14
sj,2012,2,14
sj,2012,3,12
sj,2012,4,12
sj,2012,5,11
sj,2012,6,10
sj,2012,7,8
sj,2012,8,7
sj,2012,9,6
sj,2012,10,6
sj,2012,11,6
sj,2012,12,6
sj,2012,13,5
sj,2012,14,5
sj,2012,15,5
sj,2012,16,5
sj,2012,17,5
sj,2012,18,4
sj,2012,19,5
sj,2012,20,9
sj,2012,21,11
sj,2012,22,12
sj,2012,23,11
sj,2012,24,11
sj,2012,25,9
sj,2012,26,9
sj,2012,27,12
sj,2012,28,17
sj,2012,29,21
sj,2012,30,53
sj,2012,31,61
sj,2012,32,69
sj,2012,33,70
sj,2012,34,79
sj,2012,35,83
sj,2012,36,84
sj,2012,37,75
sj,2012,38,88
sj,2012,39,85
sj,2012,40,101
sj,2012,41,88
sj,2012,42,84
sj,2012,43,82
sj,2012,44,68
sj,2012,45,68
sj,2012,46,84
sj,2012,47,90
sj,2012,48,92
sj,2012,49,77
sj,2012,50,46
sj,2012,51,37
sj,2013,1,26
sj,2013,2,23
sj,2013,3,15
sj,2013,4,17
sj,2013,5,17
sj,2013,6,20
sj,2013,7,21
sj,2013,8,22
sj,2013,9,25
sj,2013,10,21
sj,2013,11,19
sj,2013,12,17
sj,2013,13,14
sj,2013,14,13
sj,2013,15,11
sj,2013,16,11
sj,2013,17,12
iq,2010,26,3
iq,2010,27,3
iq,2010,28,2
iq,2010,29,1
iq,2010,30,1
iq,2010,31,1
iq,2010,32,1
iq,2010,33,2
iq,2010,34,3
iq,2010,35,4
iq,2010,36,5
iq,2010,37,6
iq,2010,38,7
iq,2010,39,8
iq,2010,40,10
iq,2010,41,10
iq,2010,42,11
iq,2010,43,12
iq,2010,44,12
iq,2010,45,12
iq,2010,46,11
iq,2010,47,11
iq,2010,48,11
iq,2010,49,11
iq,2010,50,11
iq,2010,51,11
iq,2011,52,11
iq,2011,1,12
iq,2011,2,13
iq,2011,3,13
iq,2011,4,13
iq,2011,5,12
iq,2011,6,12
iq,2011,7,11
iq,2011,8,11
iq,2011,9,10
iq,2011,10,10
iq,2011,11,9
iq,2011,12,8
iq,2011,13,7
iq,2011,14,6
iq,2011,15,5
iq,2011,16,6
iq,2011,17,5
iq,2011,18,5
iq,2011,19,4
iq,2011,20,5
iq,2011,21,4
iq,2011,22,4
iq,2011,23,4
iq,2011,24,3
iq,2011,25,3
iq,2011,26,4
iq,2011,27,3
iq,2011,28,4
iq,2011,29,5
iq,2011,30,4
iq,2011,31,4
iq,2011,32,4
iq,2011,33,4
iq,2011,34,5
iq,2011,35,6
iq,2011,36,7
iq,2011,37,7
iq,2011,38,8
iq,2011,39,10
iq,2011,40,11
iq,2011,41,12
iq,2011,42,13
iq,2011,43,12
iq,2011,44,13
iq,2011,45,12
iq,2011,46,12
iq,2011,47,13
iq,2011,48,12
iq,2011,49,12
iq,2011,50,12
iq,2011,51,12
iq,2012,52,12
iq,2012,1,12
iq,2012,2,13
iq,2012,3,14
iq,2012,4,13
iq,2012,5,14
iq,2012,6,13
iq,2012,7,13
iq,2012,8,12
iq,2012,9,11
iq,2012,10,9
iq,2012,11,8
iq,2012,12,7
iq,2012,13,7
iq,2012,14,6
iq,2012,15,6
iq,2012,16,5
iq,2012,17,4
iq,2012,18,5
iq,2012,19,4
iq,2012,20,5
iq,2012,21,5
iq,2012,22,5
iq,2012,23,5
iq,2012,24,4
iq,2012,25,4
iq,2012,26,3
iq,2012,27,3
iq,2012,28,3
iq,2012,29,3
iq,2012,30,2
iq,2012,31,3
iq,2012,32,2
iq,2012,33,3
iq,2012,34,4
iq,2012,35,6
iq,2012,36,6
iq,2012,37,8
iq,2012,38,9
iq,2012,39,9
iq,2012,40,11
iq,2012,41,11
iq,2012,42,11
iq,2012,43,12
iq,2012,44,12
iq,2012,45,12
iq,2012,46,12
iq,2012,47,12
iq,2012,48,12
iq,2012,49,12
iq,2012,50,12
iq,2012,51,12
iq,2013,1,11
iq,2013,2,12
iq,2013,3,13
iq,2013,4,14
iq,2013,5,14
iq,2013,6,14
iq,2013,7,13
iq,2013,8,11
iq,2013,9,11
iq,2013,10,10
iq,2013,11,10
iq,2013,12,10
iq,2013,13,8
iq,2013,14,7
iq,2013,15,5
iq,2013,16,4
iq,2013,17,4
iq,2013,18,4
iq,2013,19,4
iq,2013,20,4
iq,2013,21,4
iq,2013,22,4
iq,2013,23,4
iq,2013,24,4
iq,2013,25,4
iq,2013,26,4
